Respondent_ID,Region,Age_Group,Preference,Date
1,East,50+,Product C,2024-01-01
2,West,50+,Product A,2024-01-02
3,North,50+,Product A,2024-01-03
4,East,36-50,Product A,2024-01-04
5,East,36-50,Product C,2024-01-05
6,West,26-35,Product A,2024-01-06
7,North,50+,Product A,2024-01-07
8,North,36-50,Product A,2024-01-08
9,East,18-25,Product C,2024-01-09
10,South,50+,Product B,2024-01-10
11,East,26-35,Product C,2024-01-11
12,East,26-35,Product C,2024-01-12
13,East,26-35,Product A,2024-01-13
14,East,18-25,Product C,2024-01-14
15,West,36-50,Product C,2024-01-15
16,North,18-25,Product A,2024-01-16
17,West,50+,Product C,2024-01-17
18,West,26-35,Product A,2024-01-18
19,West,18-25,Product B,2024-01-19
20,East,18-25,Product C,2024-01-20
21,South,36-50,Product C,2024-01-21
22,North,36-50,Product A,2024-01-22
23,South,26-35,Product B,2024-01-23
24,West,18-25,Product C,2024-01-24
25,West,18-25,Product A,2024-01-25
26,South,36-50,Product C,2024-01-26
27,South,18-25,Product C,2024-01-27
28,South,18-25,Product C,2024-01-28
29,West,18-25,Product B,2024-01-29
30,West,36-50,Product A,2024-01-30
31,North,26-35,Product A,2024-01-31
32,North,50+,Product A,2024-02-01
33,West,26-35,Product C,2024-02-02
34,South,50+,Product C,2024-02-03
35,South,18-25,Product C,2024-02-04
36,North,26-35,Product B,2024-02-05
37,West,50+,Product B,2024-02-06
38,North,36-50,Product B,2024-02-07
39,North,36-50,Product A,2024-02-08
40,East,26-35,Product C,2024-02-09
41,East,26-35,Product C,2024-02-10
42,East,18-25,Product A,2024-02-11
43,South,26-35,Product B,2024-02-12
44,West,18-25,Product A,2024-02-13
45,West,18-25,Product B,2024-02-14
46,West,36-50,Product A,2024-02-15
47,West,36-50,Product C,2024-02-16
48,East,50+,Product A,2024-02-17
49,South,36-50,Product B,2024-02-18
50,South,36-50,Product C,2024-02-19
51,East,26-35,Product C,2024-02-20
52,South,36-50,Product B,2024-02-21
53,East,50+,Product A,2024-02-22
54,West,26-35,Product C,2024-02-23
55,East,50+,Product C,2024-02-24
56,West,36-50,Product B,2024-02-25
57,West,50+,Product B,2024-02-26
58,North,26-35,Product B,2024-02-27
59,East,18-25,Product C,2024-02-28
60,North,50+,Product B,2024-02-29
61,East,50+,Product C,2024-03-01
62,East,26-35,Product C,2024-03-02
63,North,26-35,Product B,2024-03-03
64,North,50+,Product A,2024-03-04
65,East,36-50,Product A,2024-03-05
66,South,50+,Product B,2024-03-06
67,West,26-35,Product C,2024-03-07
68,North,18-25,Product B,2024-03-08
69,West,18-25,Product B,2024-03-09
70,South,36-50,Product C,2024-03-10
71,South,50+,Product B,2024-03-11
72,South,18-25,Product B,2024-03-12
73,North,50+,Product A,2024-03-13
74,South,26-35,Product B,2024-03-14
75,North,18-25,Product A,2024-03-15
76,South,36-50,Product B,2024-03-16
77,West,26-35,Product C,2024-03-17
78,West,36-50,Product C,2024-03-18
79,East,26-35,Product C,2024-03-19
80,West,18-25,Product A,2024-03-20
81,East,36-50,Product C,2024-03-21
82,West,36-50,Product C,2024-03-22
83,North,26-35,Product A,2024-03-23
84,West,36-50,Product C,2024-03-24
85,East,26-35,Product C,2024-03-25
86,East,26-35,Product C,2024-03-26
87,South,26-35,Product C,2024-03-27
88,North,26-35,Product A,2024-03-28
89,West,18-25,Product A,2024-03-29
90,South,26-35,Product B,2024-03-30
91,West,50+,Product A,2024-03-31
92,West,36-50,Product B,2024-04-01
93,South,50+,Product B,2024-04-02
94,South,18-25,Product B,2024-04-03
95,South,50+,Product B,2024-04-04
96,South,36-50,Product B,2024-04-05
97,South,50+,Product B,2024-04-06
98,West,18-25,Product C,2024-04-07
99,South,26-35,Product B,2024-04-08
100,North,50+,Product A,2024-04-09
101,East,18-25,Product A,2024-04-10
102,South,18-25,Product B,2024-04-11
103,South,36-50,Product B,2024-04-12
104,West,36-50,Product A,2024-04-13
105,South,50+,Product C,2024-04-14
106,South,26-35,Product B,2024-04-15
107,South,18-25,Product B,2024-04-16
108,West,50+,Product B,2024-04-17
109,South,18-25,Product B,2024-04-18
110,East,18-25,Product A,2024-04-19
111,West,26-35,Product A,2024-04-20
112,East,26-35,Product A,2024-04-21
113,West,50+,Product B,2024-04-22
114,South,26-35,Product B,2024-04-23
115,East,26-35,Product A,2024-04-24
116,West,50+,Product A,2024-04-25
117,North,26-35,Product A,2024-04-26
118,South,36-50,Product B,2024-04-27
119,West,18-25,Product B,2024-04-28
120,North,18-25,Product A,2024-04-29
121,West,18-25,Product B,2024-04-30
122,North,18-25,Product A,2024-05-01
123,South,50+,Product B,2024-05-02
124,East,18-25,Product A,2024-05-03
125,North,18-25,Product A,2024-05-04
126,West,18-25,Product B,2024-05-05
127,South,18-25,Product B,2024-05-06
128,North,36-50,Product B,2024-05-07
129,West,18-25,Product C,2024-05-08
130,West,36-50,Product A,2024-05-09
131,West,50+,Product A,2024-05-10
132,North,26-35,Product A,2024-05-11
133,North,18-25,Product B,2024-05-12
134,North,26-35,Product B,2024-05-13
135,East,26-35,Product A,2024-05-14
136,North,50+,Product A,2024-05-15
137,North,26-35,Product A,2024-05-16
138,North,36-50,Product A,2024-05-17
139,East,26-35,Product C,2024-05-18
140,North,26-35,Product A,2024-05-19
141,West,26-35,Product B,2024-05-20
142,North,18-25,Product B,2024-05-21
143,West,18-25,Product B,2024-05-22
144,West,36-50,Product C,2024-05-23
145,West,36-50,Product C,2024-05-24
146,East,18-25,Product C,2024-05-25
147,East,36-50,Product C,2024-05-26
148,East,18-25,Product C,2024-05-27
149,North,50+,Product A,2024-05-28
150,West,26-35,Product A,2024-05-29
151,East,26-35,Product C,2024-05-30
152,East,36-50,Product A,2024-05-31
153,North,18-25,Product A,2024-06-01
154,East,18-25,Product A,2024-06-02
155,North,36-50,Product B,2024-06-03
156,South,18-25,Product B,2024-06-04
157,East,50+,Product C,2024-06-05
158,South,26-35,Product C,2024-06-06
159,North,36-50,Product A,2024-06-07
160,West,36-50,Product B,2024-06-08
161,East,18-25,Product A,2024-06-09
162,North,36-50,Product B,2024-06-10
163,West,50+,Product A,2024-06-11
164,West,18-25,Product B,2024-06-12
165,South,18-25,Product C,2024-06-13
166,North,18-25,Product A,2024-06-14
167,West,18-25,Product C,2024-06-15
168,East,50+,Product C,2024-06-16
169,East,18-25,Product C,2024-06-17
170,South,36-50,Product B,2024-06-18
171,West,50+,Product A,2024-06-19
172,North,26-35,Product A,2024-06-20
173,East,26-35,Product A,2024-06-21
174,West,36-50,Product A,2024-06-22
175,West,36-50,Product B,2024-06-23
176,South,50+,Product C,2024-06-24
177,East,26-35,Product C,2024-06-25
178,East,26-35,Product A,2024-06-26
179,North,26-35,Product A,2024-06-27
180,East,26-35,Product A,2024-06-28
181,North,26-35,Product B,2024-06-29
182,East,18-25,Product A,2024-06-30
183,South,36-50,Product B,2024-07-01
184,East,18-25,Product A,2024-07-02
185,North,26-35,Product A,2024-07-03
186,North,50+,Product B,2024-07-04
187,South,50+,Product B,2024-07-05
188,East,26-35,Product C,2024-07-06
189,East,26-35,Product A,2024-07-07
190,South,50+,Product C,2024-07-08
191,East,18-25,Product A,2024-07-09
192,East,18-25,Product A,2024-07-10
193,North,26-35,Product B,2024-07-11
194,East,18-25,Product C,2024-07-12
195,East,50+,Product C,2024-07-13
196,South,18-25,Product B,2024-07-14
197,South,26-35,Product C,2024-07-15
198,West,50+,Product C,2024-07-16
199,North,18-25,Product B,2024-07-17
200,East,36-50,Product A,2024-07-18
201,East,50+,Product A,2024-07-19
202,West,50+,Product C,2024-07-20
203,East,36-50,Product C,2024-07-21
204,North,36-50,Product B,2024-07-22
205,West,50+,Product C,2024-07-23
206,North,36-50,Product A,2024-07-24
207,West,26-35,Product C,2024-07-25
208,West,26-35,Product A,2024-07-26
209,South,26-35,Product C,2024-07-27
210,North,50+,Product A,2024-07-28
211,East,36-50,Product A,2024-07-29
212,East,36-50,Product A,2024-07-30
213,North,18-25,Product A,2024-07-31
214,East,18-25,Product A,2024-08-01
215,East,36-50,Product A,2024-08-02
216,North,36-50,Product B,2024-08-03
217,West,36-50,Product B,2024-08-04
218,North,50+,Product A,2024-08-05
219,West,36-50,Product C,2024-08-06
220,East,18-25,Product C,2024-08-07
221,East,50+,Product A,2024-08-08
222,East,36-50,Product C,2024-08-09
223,South,18-25,Product B,2024-08-10
224,West,50+,Product B,2024-08-11
225,South,36-50,Product B,2024-08-12
226,South,36-50,Product B,2024-08-13
227,North,36-50,Product A,2024-08-14
228,South,50+,Product B,2024-08-15
229,North,18-25,Product A,2024-08-16
230,North,18-25,Product A,2024-08-17
231,South,26-35,Product B,2024-08-18
232,West,36-50,Product A,2024-08-19
233,West,26-35,Product C,2024-08-20
234,West,26-35,Product C,2024-08-21
235,West,18-25,Product B,2024-08-22
236,West,50+,Product C,2024-08-23
237,South,50+,Product C,2024-08-24
238,South,18-25,Product B,2024-08-25
239,East,50+,Product C,2024-08-26
240,West,26-35,Product B,2024-08-27
241,South,36-50,Product B,2024-08-28
242,East,18-25,Product C,2024-08-29
243,West,36-50,Product A,2024-08-30
244,North,50+,Product A,2024-08-31
245,East,36-50,Product A,2024-09-01
246,South,50+,Product C,2024-09-02
247,North,50+,Product B,2024-09-03
248,North,26-35,Product A,2024-09-04
249,North,50+,Product B,2024-09-05
250,East,26-35,Product C,2024-09-06
251,South,26-35,Product C,2024-09-07
252,North,26-35,Product B,2024-09-08
253,West,18-25,Product C,2024-09-09
254,North,18-25,Product A,2024-09-10
255,North,50+,Product B,2024-09-11
256,East,26-35,Product C,2024-09-12
257,East,18-25,Product C,2024-09-13
258,South,26-35,Product B,2024-09-14
259,West,36-50,Product A,2024-09-15
260,East,36-50,Product C,2024-09-16
261,North,36-50,Product B,2024-09-17
262,South,50+,Product B,2024-09-18
263,North,26-35,Product B,2024-09-19
264,North,36-50,Product B,2024-09-20
265,East,18-25,Product C,2024-09-21
266,South,36-50,Product B,2024-09-22
267,West,36-50,Product C,2024-09-23
268,West,36-50,Product C,2024-09-24
269,East,50+,Product C,2024-09-25
270,East,18-25,Product A,2024-09-26
271,South,26-35,Product B,2024-09-27
272,West,18-25,Product B,2024-09-28
273,West,26-35,Product B,2024-09-29
274,West,50+,Product A,2024-09-30
275,North,50+,Product B,2024-10-01
276,West,50+,Product C,2024-10-02
277,North,50+,Product A,2024-10-03
278,South,26-35,Product B,2024-10-04
279,North,36-50,Product A,2024-10-05
280,South,26-35,Product C,2024-10-06
281,West,18-25,Product B,2024-10-07
282,West,50+,Product C,2024-10-08
283,South,50+,Product C,2024-10-09
284,East,18-25,Product A,2024-10-10
285,South,26-35,Product C,2024-10-11
286,East,36-50,Product C,2024-10-12
287,North,36-50,Product B,2024-10-13
288,North,18-25,Product B,2024-10-14
289,North,36-50,Product B,2024-10-15
290,West,26-35,Product C,2024-10-16
291,North,26-35,Product B,2024-10-17
292,East,18-25,Product A,2024-10-18
293,North,26-35,Product A,2024-10-19
294,South,50+,Product C,2024-10-20
295,South,18-25,Product C,2024-10-21
296,West,26-35,Product A,2024-10-22
297,South,18-25,Product B,2024-10-23
298,East,36-50,Product C,2024-10-24
299,North,26-35,Product A,2024-10-25
300,West,50+,Product A,2024-10-26
301,North,26-35,Product A,2024-10-27
302,North,18-25,Product A,2024-10-28
303,East,18-25,Product C,2024-10-29
304,South,26-35,Product B,2024-10-30
305,South,50+,Product B,2024-10-31
306,North,50+,Product B,2024-11-01
307,West,50+,Product B,2024-11-02
308,South,18-25,Product B,2024-11-03
309,West,26-35,Product C,2024-11-04
310,South,36-50,Product B,2024-11-05
311,West,18-25,Product B,2024-11-06
312,East,50+,Product A,2024-11-07
313,West,26-35,Product A,2024-11-08
314,East,50+,Product C,2024-11-09
315,East,36-50,Product C,2024-11-10
316,West,50+,Product B,2024-11-11
317,East,50+,Product A,2024-11-12
318,North,36-50,Product A,2024-11-13
319,East,26-35,Product A,2024-11-14
320,South,18-25,Product B,2024-11-15
321,West,26-35,Product B,2024-11-16
322,North,36-50,Product A,2024-11-17
323,West,50+,Product B,2024-11-18
324,South,26-35,Product B,2024-11-19
325,South,18-25,Product B,2024-11-20
326,South,36-50,Product C,2024-11-21
327,East,26-35,Product C,2024-11-22
328,East,18-25,Product A,2024-11-23
329,West,36-50,Product A,2024-11-24
330,West,18-25,Product A,2024-11-25
331,North,36-50,Product B,2024-11-26
332,North,50+,Product A,2024-11-27
333,West,26-35,Product C,2024-11-28
334,East,18-25,Product C,2024-11-29
335,South,36-50,Product B,2024-11-30
336,West,18-25,Product A,2024-12-01
337,North,18-25,Product A,2024-12-02
338,East,26-35,Product C,2024-12-03
339,West,50+,Product C,2024-12-04
340,West,18-25,Product C,2024-12-05
341,East,36-50,Product A,2024-12-06
342,West,36-50,Product A,2024-12-07
343,East,50+,Product C,2024-12-08
344,South,36-50,Product C,2024-12-09
345,East,50+,Product A,2024-12-10
346,East,36-50,Product C,2024-12-11
347,East,26-35,Product C,2024-12-12
348,West,18-25,Product C,2024-12-13
349,West,26-35,Product C,2024-12-14
350,East,18-25,Product C,2024-12-15
351,West,18-25,Product A,2024-12-16
352,North,18-25,Product A,2024-12-17
353,North,26-35,Product B,2024-12-18
354,West,18-25,Product B,2024-12-19
355,West,26-35,Product A,2024-12-20
356,East,50+,Product A,2024-12-21
357,South,36-50,Product B,2024-12-22
358,West,36-50,Product C,2024-12-23
359,North,18-25,Product A,2024-12-24
360,East,26-35,Product C,2024-12-25
361,West,36-50,Product B,2024-12-26
362,North,26-35,Product A,2024-12-27
363,North,26-35,Product A,2024-12-28
364,South,18-25,Product C,2024-12-29
365,East,36-50,Product A,2024-12-30
366,East,18-25,Product A,2024-12-31
367,South,18-25,Product B,2025-01-01
368,South,36-50,Product B,2025-01-02
369,East,36-50,Product A,2025-01-03
370,East,50+,Product A,2025-01-04
371,West,50+,Product B,2025-01-05
372,West,26-35,Product A,2025-01-06
373,South,36-50,Product C,2025-01-07
374,West,50+,Product A,2025-01-08
375,North,26-35,Product B,2025-01-09
376,West,26-35,Product C,2025-01-10
377,West,26-35,Product B,2025-01-11
378,North,50+,Product A,2025-01-12
379,South,36-50,Product B,2025-01-13
380,North,18-25,Product A,2025-01-14
381,West,26-35,Product A,2025-01-15
382,South,50+,Product C,2025-01-16
383,West,50+,Product A,2025-01-17
384,North,18-25,Product A,2025-01-18
385,North,18-25,Product B,2025-01-19
386,West,50+,Product C,2025-01-20
387,East,36-50,Product C,2025-01-21
388,East,18-25,Product C,2025-01-22
389,North,50+,Product A,2025-01-23
390,North,18-25,Product A,2025-01-24
391,East,36-50,Product C,2025-01-25
392,East,26-35,Product A,2025-01-26
393,West,18-25,Product C,2025-01-27
394,West,36-50,Product B,2025-01-28
395,East,50+,Product A,2025-01-29
396,West,18-25,Product A,2025-01-30
397,West,18-25,Product A,2025-01-31
398,South,50+,Product B,2025-02-01
399,West,26-35,Product B,2025-02-02
400,North,50+,Product B,2025-02-03
401,West,18-25,Product C,2025-02-04
402,West,50+,Product B,2025-02-05
403,East,36-50,Product A,2025-02-06
404,North,50+,Product B,2025-02-07
405,West,18-25,Product B,2025-02-08
406,West,50+,Product B,2025-02-09
407,South,26-35,Product B,2025-02-10
408,West,50+,Product A,2025-02-11
409,West,26-35,Product B,2025-02-12
410,South,36-50,Product B,2025-02-13
411,East,26-35,Product C,2025-02-14
412,West,50+,Product A,2025-02-15
413,South,18-25,Product B,2025-02-16
414,North,26-35,Product A,2025-02-17
415,East,36-50,Product C,2025-02-18
416,North,26-35,Product A,2025-02-19
417,North,26-35,Product B,2025-02-20
418,South,26-35,Product B,2025-02-21
419,West,36-50,Product A,2025-02-22
420,South,50+,Product B,2025-02-23
421,South,26-35,Product B,2025-02-24
422,South,26-35,Product C,2025-02-25
423,South,18-25,Product B,2025-02-26
424,East,36-50,Product A,2025-02-27
425,West,26-35,Product C,2025-02-28
426,North,36-50,Product A,2025-03-01
427,North,26-35,Product A,2025-03-02
428,West,50+,Product C,2025-03-03
429,North,50+,Product A,2025-03-04
430,West,26-35,Product B,2025-03-05
431,North,50+,Product A,2025-03-06
432,South,26-35,Product B,2025-03-07
433,North,50+,Product B,2025-03-08
434,West,18-25,Product C,2025-03-09
435,West,18-25,Product B,2025-03-10
436,West,18-25,Product C,2025-03-11
437,West,36-50,Product B,2025-03-12
438,West,36-50,Product B,2025-03-13
439,East,18-25,Product C,2025-03-14
440,East,36-50,Product A,2025-03-15
441,North,50+,Product B,2025-03-16
442,West,26-35,Product A,2025-03-17
443,North,26-35,Product A,2025-03-18
444,West,26-35,Product C,2025-03-19
445,West,18-25,Product B,2025-03-20
446,East,36-50,Product A,2025-03-21
447,East,50+,Product A,2025-03-22
448,South,50+,Product B,2025-03-23
449,East,18-25,Product A,2025-03-24
450,South,50+,Product B,2025-03-25
451,South,50+,Product B,2025-03-26
452,South,50+,Product B,2025-03-27
453,South,50+,Product C,2025-03-28
454,South,36-50,Product C,2025-03-29
455,North,50+,Product A,2025-03-30
456,East,26-35,Product A,2025-03-31
457,South,18-25,Product B,2025-04-01
458,West,36-50,Product C,2025-04-02
459,East,50+,Product A,2025-04-03
460,East,36-50,Product C,2025-04-04
461,South,50+,Product B,2025-04-05
462,North,26-35,Product B,2025-04-06
463,South,18-25,Product B,2025-04-07
464,North,50+,Product B,2025-04-08
465,West,50+,Product C,2025-04-09
466,East,50+,Product C,2025-04-10
467,West,50+,Product B,2025-04-11
468,North,18-25,Product B,2025-04-12
469,North,18-25,Product A,2025-04-13
470,West,26-35,Product B,2025-04-14
471,North,18-25,Product A,2025-04-15
472,West,50+,Product B,2025-04-16
473,East,26-35,Product A,2025-04-17
474,West,26-35,Product A,2025-04-18
475,East,26-35,Product A,2025-04-19
476,West,50+,Product A,2025-04-20
477,North,36-50,Product A,2025-04-21
478,West,50+,Product B,2025-04-22
479,North,18-25,Product B,2025-04-23
480,West,18-25,Product C,2025-04-24
481,West,50+,Product A,2025-04-25
482,South,50+,Product B,2025-04-26
483,North,26-35,Product B,2025-04-27
484,South,50+,Product C,2025-04-28
485,North,26-35,Product A,2025-04-29
486,South,18-25,Product B,2025-04-30
487,East,26-35,Product A,2025-05-01
488,West,50+,Product C,2025-05-02
489,North,18-25,Product B,2025-05-03
490,North,36-50,Product A,2025-05-04
491,West,26-35,Product B,2025-05-05
492,North,18-25,Product A,2025-05-06
493,North,26-35,Product A,2025-05-07
494,South,18-25,Product B,2025-05-08
495,North,18-25,Product B,2025-05-09
496,East,26-35,Product C,2025-05-10
497,East,36-50,Product A,2025-05-11
498,West,18-25,Product B,2025-05-12
499,North,18-25,Product A,2025-05-13
500,West,18-25,Product C,2025-05-14
501,East,36-50,Product C,2025-05-15
502,North,36-50,Product B,2025-05-16
503,North,50+,Product A,2025-05-17
504,West,26-35,Product A,2025-05-18
505,East,36-50,Product C,2025-05-19
506,North,26-35,Product A,2025-05-20
507,West,50+,Product A,2025-05-21
508,East,26-35,Product C,2025-05-22
509,West,36-50,Product A,2025-05-23
510,South,26-35,Product B,2025-05-24
511,North,36-50,Product A,2025-05-25
512,South,26-35,Product B,2025-05-26
513,East,36-50,Product A,2025-05-27
514,South,36-50,Product C,2025-05-28
515,South,26-35,Product B,2025-05-29
516,East,50+,Product C,2025-05-30
517,West,18-25,Product B,2025-05-31
518,South,50+,Product B,2025-06-01
519,West,26-35,Product C,2025-06-02
520,South,50+,Product B,2025-06-03
521,West,36-50,Product A,2025-06-04
522,East,18-25,Product C,2025-06-05
523,South,26-35,Product B,2025-06-06
524,East,26-35,Product C,2025-06-07
525,South,26-35,Product B,2025-06-08
526,East,18-25,Product C,2025-06-09
527,East,36-50,Product A,2025-06-10
528,South,26-35,Product B,2025-06-11
529,South,50+,Product B,2025-06-12
530,South,26-35,Product B,2025-06-13
531,North,26-35,Product A,2025-06-14
532,West,26-35,Product C,2025-06-15
533,North,26-35,Product B,2025-06-16
534,North,36-50,Product B,2025-06-17
535,East,50+,Product A,2025-06-18
536,South,36-50,Product B,2025-06-19
537,West,50+,Product B,2025-06-20
538,East,26-35,Product A,2025-06-21
539,North,18-25,Product A,2025-06-22
540,South,36-50,Product C,2025-06-23
541,East,18-25,Product A,2025-06-24
542,South,36-50,Product B,2025-06-25
543,East,26-35,Product A,2025-06-26
544,South,36-50,Product B,2025-06-27
545,North,26-35,Product B,2025-06-28
546,West,36-50,Product A,2025-06-29
547,North,26-35,Product A,2025-06-30
548,West,26-35,Product C,2025-07-01
549,South,50+,Product B,2025-07-02
550,East,26-35,Product C,2025-07-03
551,North,50+,Product A,2025-07-04
552,West,26-35,Product C,2025-07-05
553,North,18-25,Product B,2025-07-06
554,West,26-35,Product A,2025-07-07
555,North,18-25,Product B,2025-07-08
556,West,18-25,Product A,2025-07-09
557,West,26-35,Product C,2025-07-10
558,South,18-25,Product B,2025-07-11
559,West,50+,Product B,2025-07-12
560,South,36-50,Product C,2025-07-13
561,West,26-35,Product C,2025-07-14
562,East,18-25,Product C,2025-07-15
563,East,26-35,Product C,2025-07-16
564,East,50+,Product C,2025-07-17
565,West,26-35,Product B,2025-07-18
566,South,26-35,Product B,2025-07-19
567,South,18-25,Product C,2025-07-20
568,West,50+,Product B,2025-07-21
569,East,36-50,Product A,2025-07-22
570,East,36-50,Product A,2025-07-23
571,South,18-25,Product C,2025-07-24
572,East,26-35,Product C,2025-07-25
573,North,18-25,Product A,2025-07-26
574,South,18-25,Product C,2025-07-27
575,East,18-25,Product C,2025-07-28
576,South,26-35,Product B,2025-07-29
577,North,50+,Product A,2025-07-30
578,South,18-25,Product C,2025-07-31
579,South,26-35,Product B,2025-08-01
580,South,50+,Product B,2025-08-02
581,South,18-25,Product B,2025-08-03
582,North,36-50,Product B,2025-08-04
583,West,50+,Product B,2025-08-05
584,South,18-25,Product B,2025-08-06
585,South,50+,Product C,2025-08-07
586,East,50+,Product C,2025-08-08
587,South,50+,Product B,2025-08-09
588,East,50+,Product A,2025-08-10
589,West,50+,Product C,2025-08-11
590,North,50+,Product B,2025-08-12
591,North,18-25,Product A,2025-08-13
592,West,36-50,Product C,2025-08-14
593,North,26-35,Product A,2025-08-15
594,West,50+,Product A,2025-08-16
595,West,26-35,Product B,2025-08-17
596,West,18-25,Product C,2025-08-18
597,North,50+,Product B,2025-08-19
598,East,36-50,Product A,2025-08-20
599,West,26-35,Product C,2025-08-21
600,South,50+,Product B,2025-08-22
601,North,18-25,Product A,2025-08-23
602,West,36-50,Product A,2025-08-24
603,West,26-35,Product A,2025-08-25
604,South,26-35,Product B,2025-08-26
605,East,50+,Product C,2025-08-27
606,East,36-50,Product C,2025-08-28
607,East,36-50,Product A,2025-08-29
608,West,36-50,Product B,2025-08-30
609,West,36-50,Product B,2025-08-31
610,West,18-25,Product C,2025-09-01
611,North,36-50,Product A,2025-09-02
612,South,26-35,Product C,2025-09-03
613,West,26-35,Product C,2025-09-04
614,South,18-25,Product C,2025-09-05
615,South,26-35,Product B,2025-09-06
616,East,26-35,Product C,2025-09-07
617,North,36-50,Product B,2025-09-08
618,West,26-35,Product C,2025-09-09
619,East,18-25,Product A,2025-09-10
620,East,36-50,Product A,2025-09-11
621,West,50+,Product A,2025-09-12
622,South,36-50,Product B,2025-09-13
623,East,18-25,Product A,2025-09-14
624,South,36-50,Product B,2025-09-15
625,North,36-50,Product B,2025-09-16
626,South,18-25,Product C,2025-09-17
627,North,36-50,Product B,2025-09-18
628,South,18-25,Product B,2025-09-19
629,East,18-25,Product A,2025-09-20
630,East,50+,Product C,2025-09-21
631,North,26-35,Product A,2025-09-22
632,West,26-35,Product C,2025-09-23
633,North,36-50,Product A,2025-09-24
634,North,36-50,Product A,2025-09-25
635,South,50+,Product C,2025-09-26
636,South,50+,Product C,2025-09-27
637,North,50+,Product A,2025-09-28
638,East,18-25,Product A,2025-09-29
639,South,50+,Product C,2025-09-30
640,West,50+,Product C,2025-10-01
641,South,36-50,Product B,2025-10-02
642,South,50+,Product B,2025-10-03
643,West,18-25,Product C,2025-10-04
644,North,18-25,Product B,2025-10-05
645,West,36-50,Product A,2025-10-06
646,North,50+,Product A,2025-10-07
647,North,50+,Product A,2025-10-08
648,North,18-25,Product B,2025-10-09
649,West,50+,Product C,2025-10-10
650,North,50+,Product B,2025-10-11
651,East,50+,Product A,2025-10-12
652,West,26-35,Product A,2025-10-13
653,East,36-50,Product C,2025-10-14
654,North,26-35,Product B,2025-10-15
655,South,36-50,Product B,2025-10-16
656,North,18-25,Product A,2025-10-17
657,East,50+,Product C,2025-10-18
658,East,36-50,Product A,2025-10-19
659,West,26-35,Product C,2025-10-20
660,South,50+,Product B,2025-10-21
661,West,18-25,Product B,2025-10-22
662,East,36-50,Product A,2025-10-23
663,North,36-50,Product A,2025-10-24
664,South,36-50,Product B,2025-10-25
665,North,50+,Product B,2025-10-26
666,North,26-35,Product B,2025-10-27
667,South,26-35,Product C,2025-10-28
668,West,36-50,Product B,2025-10-29
669,North,18-25,Product B,2025-10-30
670,East,18-25,Product C,2025-10-31
671,North,26-35,Product B,2025-11-01
672,South,18-25,Product C,2025-11-02
673,South,26-35,Product B,2025-11-03
674,South,36-50,Product B,2025-11-04
675,West,26-35,Product B,2025-11-05
676,North,26-35,Product A,2025-11-06
677,West,36-50,Product A,2025-11-07
678,West,18-25,Product C,2025-11-08
679,South,26-35,Product C,2025-11-09
680,South,26-35,Product B,2025-11-10
681,West,36-50,Product A,2025-11-11
682,North,18-25,Product A,2025-11-12
683,East,26-35,Product C,2025-11-13
684,West,36-50,Product B,2025-11-14
685,North,26-35,Product B,2025-11-15
686,South,50+,Product B,2025-11-16
687,South,36-50,Product B,2025-11-17
688,North,18-25,Product A,2025-11-18
689,East,18-25,Product A,2025-11-19
690,South,18-25,Product B,2025-11-20
691,South,18-25,Product C,2025-11-21
692,South,26-35,Product B,2025-11-22
693,North,26-35,Product A,2025-11-23
694,West,18-25,Product A,2025-11-24
695,South,18-25,Product B,2025-11-25
696,West,18-25,Product C,2025-11-26
697,East,26-35,Product A,2025-11-27
698,South,18-25,Product B,2025-11-28
699,South,18-25,Product B,2025-11-29
700,East,50+,Product C,2025-11-30
701,South,50+,Product B,2025-12-01
702,West,18-25,Product B,2025-12-02
703,North,36-50,Product A,2025-12-03
704,West,18-25,Product A,2025-12-04
705,North,50+,Product B,2025-12-05
706,North,36-50,Product B,2025-12-06
707,West,36-50,Product B,2025-12-07
708,West,18-25,Product A,2025-12-08
709,West,50+,Product B,2025-12-09
710,West,50+,Product A,2025-12-10
711,East,36-50,Product C,2025-12-11
712,South,18-25,Product B,2025-12-12
713,North,26-35,Product B,2025-12-13
714,West,26-35,Product C,2025-12-14
715,West,50+,Product A,2025-12-15
716,West,26-35,Product A,2025-12-16
717,East,50+,Product C,2025-12-17
718,West,50+,Product C,2025-12-18
719,West,50+,Product A,2025-12-19
720,West,26-35,Product C,2025-12-20
721,South,50+,Product C,2025-12-21
722,East,36-50,Product C,2025-12-22
723,West,18-25,Product C,2025-12-23
724,North,18-25,Product A,2025-12-24
725,North,50+,Product B,2025-12-25
726,North,18-25,Product A,2025-12-26
727,East,26-35,Product C,2025-12-27
728,East,26-35,Product A,2025-12-28
729,North,18-25,Product B,2025-12-29
730,West,26-35,Product A,2025-12-30
731,East,18-25,Product C,2025-12-31
732,North,18-25,Product A,2026-01-01
733,North,18-25,Product B,2026-01-02
734,West,50+,Product B,2026-01-03
735,South,18-25,Product C,2026-01-04
736,East,50+,Product A,2026-01-05
737,West,18-25,Product C,2026-01-06
738,North,18-25,Product A,2026-01-07
739,North,18-25,Product B,2026-01-08
740,West,26-35,Product B,2026-01-09
741,East,50+,Product C,2026-01-10
742,South,50+,Product B,2026-01-11
743,South,18-25,Product B,2026-01-12
744,North,18-25,Product A,2026-01-13
745,East,26-35,Product A,2026-01-14
746,South,26-35,Product B,2026-01-15
747,East,26-35,Product A,2026-01-16
748,East,50+,Product A,2026-01-17
749,North,50+,Product A,2026-01-18
750,South,50+,Product C,2026-01-19
751,West,18-25,Product B,2026-01-20
752,North,50+,Product A,2026-01-21
753,South,36-50,Product B,2026-01-22
754,South,36-50,Product B,2026-01-23
755,South,26-35,Product C,2026-01-24
756,South,50+,Product B,2026-01-25
757,South,36-50,Product B,2026-01-26
758,East,26-35,Product C,2026-01-27
759,North,50+,Product B,2026-01-28
760,East,18-25,Product A,2026-01-29
761,West,36-50,Product B,2026-01-30
762,South,18-25,Product C,2026-01-31
763,North,50+,Product A,2026-02-01
764,South,36-50,Product C,2026-02-02
765,North,50+,Product B,2026-02-03
766,East,18-25,Product A,2026-02-04
767,North,36-50,Product A,2026-02-05
768,West,18-25,Product C,2026-02-06
769,West,50+,Product B,2026-02-07
770,North,50+,Product B,2026-02-08
771,North,18-25,Product B,2026-02-09
772,North,36-50,Product B,2026-02-10
773,North,18-25,Product B,2026-02-11
774,West,50+,Product C,2026-02-12
775,South,18-25,Product B,2026-02-13
776,North,50+,Product A,2026-02-14
777,North,18-25,Product A,2026-02-15
778,West,36-50,Product A,2026-02-16
779,West,36-50,Product B,2026-02-17
780,East,18-25,Product A,2026-02-18
781,North,18-25,Product B,2026-02-19
782,East,36-50,Product A,2026-02-20
783,West,50+,Product C,2026-02-21
784,West,36-50,Product B,2026-02-22
785,South,50+,Product B,2026-02-23
786,North,18-25,Product A,2026-02-24
787,East,18-25,Product C,2026-02-25
788,West,50+,Product C,2026-02-26
789,West,18-25,Product A,2026-02-27
790,East,50+,Product C,2026-02-28
791,South,26-35,Product B,2026-03-01
792,West,36-50,Product A,2026-03-02
793,North,26-35,Product B,2026-03-03
794,West,50+,Product B,2026-03-04
795,North,36-50,Product B,2026-03-05
796,East,50+,Product A,2026-03-06
797,North,36-50,Product A,2026-03-07
798,East,36-50,Product C,2026-03-08
799,North,36-50,Product B,2026-03-09
800,East,36-50,Product A,2026-03-10
801,North,50+,Product B,2026-03-11
802,South,36-50,Product C,2026-03-12
803,North,36-50,Product B,2026-03-13
804,North,26-35,Product B,2026-03-14
805,South,18-25,Product C,2026-03-15
806,West,18-25,Product A,2026-03-16
807,West,26-35,Product C,2026-03-17
808,North,26-35,Product A,2026-03-18
809,South,50+,Product B,2026-03-19
810,North,50+,Product B,2026-03-20
811,East,50+,Product C,2026-03-21
812,East,26-35,Product A,2026-03-22
813,North,26-35,Product B,2026-03-23
814,West,36-50,Product B,2026-03-24
815,West,50+,Product C,2026-03-25
816,North,50+,Product A,2026-03-26
817,North,50+,Product A,2026-03-27
818,East,18-25,Product A,2026-03-28
819,West,36-50,Product A,2026-03-29
820,North,50+,Product B,2026-03-30
821,East,50+,Product C,2026-03-31
822,West,50+,Product C,2026-04-01
823,South,18-25,Product B,2026-04-02
824,East,18-25,Product C,2026-04-03
825,West,26-35,Product C,2026-04-04
826,West,36-50,Product C,2026-04-05
827,East,26-35,Product C,2026-04-06
828,South,36-50,Product B,2026-04-07
829,East,18-25,Product C,2026-04-08
830,West,50+,Product B,2026-04-09
831,North,26-35,Product B,2026-04-10
832,North,50+,Product B,2026-04-11
833,East,26-35,Product A,2026-04-12
834,West,18-25,Product B,2026-04-13
835,North,18-25,Product A,2026-04-14
836,West,18-25,Product B,2026-04-15
837,East,26-35,Product C,2026-04-16
838,North,36-50,Product A,2026-04-17
839,West,26-35,Product B,2026-04-18
840,North,36-50,Product A,2026-04-19
841,East,26-35,Product A,2026-04-20
842,West,26-35,Product B,2026-04-21
843,North,18-25,Product A,2026-04-22
844,East,50+,Product A,2026-04-23
845,North,50+,Product B,2026-04-24
846,North,36-50,Product A,2026-04-25
847,South,50+,Product B,2026-04-26
848,South,26-35,Product B,2026-04-27
849,East,26-35,Product A,2026-04-28
850,South,18-25,Product B,2026-04-29
851,East,18-25,Product A,2026-04-30
852,South,50+,Product B,2026-05-01
853,North,36-50,Product A,2026-05-02
854,East,50+,Product C,2026-05-03
855,East,50+,Product C,2026-05-04
856,North,50+,Product B,2026-05-05
857,East,50+,Product A,2026-05-06
858,East,26-35,Product A,2026-05-07
859,South,36-50,Product B,2026-05-08
860,East,26-35,Product A,2026-05-09
861,West,36-50,Product A,2026-05-10
862,North,18-25,Product A,2026-05-11
863,South,50+,Product B,2026-05-12
864,South,26-35,Product B,2026-05-13
865,West,36-50,Product A,2026-05-14
866,North,18-25,Product A,2026-05-15
867,North,18-25,Product A,2026-05-16
868,South,50+,Product B,2026-05-17
869,East,36-50,Product C,2026-05-18
870,South,26-35,Product B,2026-05-19
871,North,50+,Product A,2026-05-20
872,West,26-35,Product A,2026-05-21
873,South,18-25,Product C,2026-05-22
874,North,26-35,Product A,2026-05-23
875,South,26-35,Product B,2026-05-24
876,East,50+,Product C,2026-05-25
877,South,26-35,Product B,2026-05-26
878,South,50+,Product B,2026-05-27
879,North,18-25,Product B,2026-05-28
880,North,50+,Product A,2026-05-29
881,North,50+,Product B,2026-05-30
882,South,36-50,Product C,2026-05-31
883,East,26-35,Product A,2026-06-01
884,West,18-25,Product C,2026-06-02
885,West,50+,Product B,2026-06-03
886,North,18-25,Product A,2026-06-04
887,North,36-50,Product B,2026-06-05
888,South,26-35,Product B,2026-06-06
889,West,50+,Product A,2026-06-07
890,North,26-35,Product B,2026-06-08
891,East,36-50,Product C,2026-06-09
892,East,36-50,Product C,2026-06-10
893,North,18-25,Product B,2026-06-11
894,North,50+,Product A,2026-06-12
895,West,18-25,Product C,2026-06-13
896,West,36-50,Product C,2026-06-14
897,South,26-35,Product B,2026-06-15
898,West,18-25,Product B,2026-06-16
899,East,18-25,Product C,2026-06-17
900,East,26-35,Product A,2026-06-18
901,North,18-25,Product B,2026-06-19
902,West,26-35,Product A,2026-06-20
903,South,50+,Product B,2026-06-21
904,East,26-35,Product A,2026-06-22
905,East,50+,Product C,2026-06-23
906,South,26-35,Product B,2026-06-24
907,South,36-50,Product B,2026-06-25
908,East,36-50,Product A,2026-06-26
909,East,50+,Product C,2026-06-27
910,South,50+,Product B,2026-06-28
911,East,36-50,Product A,2026-06-29
912,North,50+,Product B,2026-06-30
913,North,26-35,Product B,2026-07-01
914,South,26-35,Product B,2026-07-02
915,West,36-50,Product C,2026-07-03
916,South,18-25,Product B,2026-07-04
917,South,26-35,Product B,2026-07-05
918,West,50+,Product C,2026-07-06
919,West,18-25,Product B,2026-07-07
920,West,18-25,Product A,2026-07-08
921,North,26-35,Product B,2026-07-09
922,East,26-35,Product C,2026-07-10
923,North,18-25,Product B,2026-07-11
924,East,18-25,Product A,2026-07-12
925,North,36-50,Product B,2026-07-13
926,East,50+,Product A,2026-07-14
927,North,36-50,Product A,2026-07-15
928,West,26-35,Product A,2026-07-16
929,South,36-50,Product C,2026-07-17
930,North,36-50,Product A,2026-07-18
931,East,36-50,Product C,2026-07-19
932,West,36-50,Product B,2026-07-20
933,North,50+,Product B,2026-07-21
934,North,50+,Product A,2026-07-22
935,West,18-25,Product B,2026-07-23
936,North,26-35,Product B,2026-07-24
937,South,36-50,Product B,2026-07-25
938,North,18-25,Product B,2026-07-26
939,South,18-25,Product B,2026-07-27
940,South,18-25,Product B,2026-07-28
941,West,50+,Product A,2026-07-29
942,North,36-50,Product A,2026-07-30
943,West,36-50,Product B,2026-07-31
944,North,26-35,Product A,2026-08-01
945,North,36-50,Product B,2026-08-02
946,East,36-50,Product C,2026-08-03
947,North,18-25,Product B,2026-08-04
948,West,26-35,Product B,2026-08-05
949,South,36-50,Product C,2026-08-06
950,North,50+,Product A,2026-08-07
951,East,36-50,Product C,2026-08-08
952,West,18-25,Product A,2026-08-09
953,North,50+,Product B,2026-08-10
954,West,18-25,Product C,2026-08-11
955,East,36-50,Product C,2026-08-12
956,East,50+,Product A,2026-08-13
957,West,26-35,Product B,2026-08-14
958,North,26-35,Product A,2026-08-15
959,South,50+,Product B,2026-08-16
960,East,50+,Product C,2026-08-17
961,North,18-25,Product A,2026-08-18
962,North,50+,Product B,2026-08-19
963,South,18-25,Product B,2026-08-20
964,East,36-50,Product A,2026-08-21
965,East,18-25,Product C,2026-08-22
966,North,50+,Product A,2026-08-23
967,North,50+,Product A,2026-08-24
968,South,36-50,Product B,2026-08-25
969,South,50+,Product B,2026-08-26
970,East,50+,Product A,2026-08-27
971,West,26-35,Product C,2026-08-28
972,East,26-35,Product A,2026-08-29
973,North,36-50,Product A,2026-08-30
974,East,18-25,Product C,2026-08-31
975,West,26-35,Product A,2026-09-01
976,South,18-25,Product B,2026-09-02
977,West,50+,Product A,2026-09-03
978,West,26-35,Product C,2026-09-04
979,West,36-50,Product C,2026-09-05
980,South,36-50,Product B,2026-09-06
981,West,36-50,Product B,2026-09-07
982,West,26-35,Product C,2026-09-08
983,West,18-25,Product B,2026-09-09
984,North,50+,Product A,2026-09-10
985,West,18-25,Product B,2026-09-11
986,South,18-25,Product B,2026-09-12
987,West,50+,Product B,2026-09-13
988,West,50+,Product A,2026-09-14
989,South,26-35,Product B,2026-09-15
990,West,26-35,Product C,2026-09-16
991,South,26-35,Product C,2026-09-17
992,West,26-35,Product A,2026-09-18
993,South,26-35,Product B,2026-09-19
994,West,50+,Product A,2026-09-20
995,West,18-25,Product C,2026-09-21
996,North,26-35,Product B,2026-09-22
997,North,26-35,Product B,2026-09-23
998,West,18-25,Product A,2026-09-24
999,West,26-35,Product A,2026-09-25
1000,East,18-25,Product C,2026-09-26
